graph,n,original_edges,spanner_edges,k,stretch,selected_edges,edge_reduction_percent,original_weight,spanner_weight,mst_weight,max_stretch,stretch_violations,runtime_ms,weight_over_mst,allowed_stretch,stretch_utilization,general_size_bound,general_size_bound_ratio,planar_size_bound,planar_size_bound_ratio,family,spanner_edges_over_original,theoretical_general_size_bound,spanner_edges_over_general_bound,spanner_edges_over_planar_bound
small_triangle,3,3,2,1,1.0,2,33.333333,5.0,2.0,2.0,1.0,0,19,1.0,1.0,1.0,9.0,0.222222,,,other,0.6666666666666666,9.0,0.222222,
small_triangle,3,3,2,2,3.0,2,33.333333,5.0,2.0,2.0,1.0,0,0,1.0,3.0,0.333333,5.196152,0.3849,4.0,0.5,other,0.6666666666666666,5.196152,0.3849,0.5
small_triangle,3,3,2,3,5.0,2,33.333333,5.0,2.0,2.0,1.0,0,0,1.0,5.0,0.2,4.326749,0.462241,3.0,0.666667,other,0.6666666666666666,4.326749,0.462241,0.666667
small_triangle,3,3,2,4,7.0,2,33.333333,5.0,2.0,2.0,1.0,0,0,1.0,7.0,0.142857,3.948222,0.506557,2.666667,0.75,other,0.6666666666666666,3.948222,0.506557,0.75
small_triangle,3,3,2,5,9.0,2,33.333333,5.0,2.0,2.0,1.0,0,0,1.0,9.0,0.111111,3.737193,0.535161,2.5,0.8,other,0.6666666666666666,3.737193,0.535161,0.8
path_n30,30,29,29,1,1.0,29,0.0,29.0,29.0,29.0,1.0,0,1,1.0,1.0,1.0,900.0,0.032222,,,path,1.0,900.0,0.032222,
path_n30,30,29,29,2,3.0,29,0.0,29.0,29.0,29.0,1.0,0,0,1.0,3.0,0.333333,164.316767,0.176488,58.0,0.5,path,1.0,164.316767,0.176488,0.5
path_n30,30,29,29,3,5.0,29,0.0,29.0,29.0,29.0,1.0,0,0,1.0,5.0,0.2,93.216975,0.311102,43.5,0.666667,path,1.0,93.216975,0.311102,0.666667
path_n30,30,29,29,4,7.0,29,0.0,29.0,29.0,29.0,1.0,0,0,1.0,7.0,0.142857,70.21042,0.413044,38.666667,0.75,path,1.0,70.21042,0.413044,0.75
path_n30,30,29,29,5,9.0,29,0.0,29.0,29.0,29.0,1.0,0,0,1.0,9.0,0.111111,59.230515,0.489612,36.25,0.8,path,1.0,59.230515,0.489612,0.8
cycle_n30,30,30,30,1,1.0,30,0.0,30.0,30.0,29.0,1.0,0,0,1.034483,1.0,1.0,900.0,0.033333,,,cycle,1.0,900.0,0.033333,
cycle_n30,30,30,30,2,3.0,30,0.0,30.0,30.0,29.0,1.0,0,0,1.034483,3.0,0.333333,164.316767,0.182574,58.0,0.517241,cycle,1.0,164.316767,0.182574,0.517241
cycle_n30,30,30,30,3,5.0,30,0.0,30.0,30.0,29.0,1.0,0,0,1.034483,5.0,0.2,93.216975,0.32183,43.5,0.689655,cycle,1.0,93.216975,0.32183,0.689655
cycle_n30,30,30,30,4,7.0,30,0.0,30.0,30.0,29.0,1.0,0,0,1.034483,7.0,0.142857,70.21042,0.427287,38.666667,0.775862,cycle,1.0,70.21042,0.427287,0.775862
cycle_n30,30,30,30,5,9.0,30,0.0,30.0,30.0,29.0,1.0,0,0,1.034483,9.0,0.111111,59.230515,0.506496,36.25,0.827586,cycle,1.0,59.230515,0.506496,0.827586
random_tree_n30_seed101,30,29,29,1,1.0,29,0.0,1153.0,1153.0,1153.0,1.0,0,0,1.0,1.0,1.0,900.0,0.032222,,,tree,1.0,900.0,0.032222,
random_tree_n30_seed101,30,29,29,2,3.0,29,0.0,1153.0,1153.0,1153.0,1.0,0,0,1.0,3.0,0.333333,164.316767,0.176488,58.0,0.5,tree,1.0,164.316767,0.176488,0.5
random_tree_n30_seed101,30,29,29,3,5.0,29,0.0,1153.0,1153.0,1153.0,1.0,0,0,1.0,5.0,0.2,93.216975,0.311102,43.5,0.666667,tree,1.0,93.216975,0.311102,0.666667
random_tree_n30_seed101,30,29,29,4,7.0,29,0.0,1153.0,1153.0,1153.0,1.0,0,0,1.0,7.0,0.142857,70.21042,0.413044,38.666667,0.75,tree,1.0,70.21042,0.413044,0.75
random_tree_n30_seed101,30,29,29,5,9.0,29,0.0,1153.0,1153.0,1153.0,1.0,0,0,1.0,9.0,0.111111,59.230515,0.489612,36.25,0.8,tree,1.0,59.230515,0.489612,0.8
complete_n12_seed102,12,66,20,1,1.0,20,69.69697,3407.0,393.0,121.0,1.0,0,0,3.247934,1.0,1.0,144.0,0.138889,,,complete,0.30303030303030304,144.0,0.138889,
complete_n12_seed102,12,66,11,2,3.0,11,83.333333,3407.0,121.0,121.0,2.961538,0,0,1.0,3.0,0.987179,41.569219,0.264619,,,complete,0.16666666666666666,41.569219,0.264619,
complete_n12_seed102,12,66,11,3,5.0,11,83.333333,3407.0,121.0,121.0,2.961538,0,0,1.0,5.0,0.592308,27.473142,0.400391,,,complete,0.16666666666666666,27.473142,0.400391,
complete_n12_seed102,12,66,11,4,7.0,11,83.333333,3407.0,121.0,121.0,2.961538,0,0,1.0,7.0,0.423077,22.334517,0.492511,,,complete,0.16666666666666666,22.334517,0.492511,
complete_n12_seed102,12,66,11,5,9.0,11,83.333333,3407.0,121.0,121.0,2.961538,0,0,1.0,9.0,0.32906,19.725022,0.557667,,,complete,0.16666666666666666,19.725022,0.557667,
complete_n20_seed103,20,190,30,1,1.0,30,84.210526,9756.0,306.0,117.0,1.0,0,2,2.615385,1.0,1.0,400.0,0.075,,,complete,0.15789473684210525,400.0,0.075,
complete_n20_seed103,20,190,21,2,3.0,21,88.947368,9756.0,145.0,117.0,1.888889,0,6,1.239316,3.0,0.62963,89.442719,0.234787,,,complete,0.11052631578947368,89.442719,0.234787,
complete_n20_seed103,20,190,19,3,5.0,19,90.0,9756.0,117.0,117.0,3.8,0,1,1.0,5.0,0.76,54.288352,0.349983,,,complete,0.1,54.288352,0.349983,
complete_n20_seed103,20,190,19,4,7.0,19,90.0,9756.0,117.0,117.0,3.8,0,1,1.0,7.0,0.542857,42.294851,0.449227,,,complete,0.1,42.294851,0.449227,
complete_n20_seed103,20,190,19,5,9.0,19,90.0,9756.0,117.0,117.0,3.8,0,1,1.0,9.0,0.422222,36.411284,0.521816,,,complete,0.1,36.411284,0.521816,
random_connected_n30_extra30_seed104,30,59,53,1,1.0,53,10.169492,3297.0,2817.0,1023.0,1.0,0,0,2.753666,1.0,1.0,900.0,0.058889,,,random_connected,0.8983050847457628,900.0,0.058889,
random_connected_n30_extra30_seed104,30,59,31,2,3.0,31,47.457627,3297.0,1149.0,1023.0,2.9125,0,0,1.123167,3.0,0.970833,164.316767,0.18866,,,random_connected,0.5254237288135594,164.316767,0.18866,
random_connected_n30_extra30_seed104,30,59,30,3,5.0,30,49.152542,3297.0,1104.0,1023.0,4.1,0,0,1.079179,5.0,0.82,93.216975,0.32183,,,random_connected,0.5084745762711864,93.216975,0.32183,
random_connected_n30_extra30_seed104,30,59,29,4,7.0,29,50.847458,3297.0,1023.0,1023.0,5.049383,0,0,1.0,7.0,0.72134,70.21042,0.413044,,,random_connected,0.4915254237288136,70.21042,0.413044,
random_connected_n30_extra30_seed104,30,59,29,5,9.0,29,50.847458,3297.0,1023.0,1023.0,5.049383,0,0,1.0,9.0,0.561043,59.230515,0.489612,,,random_connected,0.4915254237288136,59.230515,0.489612,
random_connected_n40_extra120_seed105,40,159,96,1,1.0,96,39.622642,8019.0,3253.0,592.0,1.0,0,2,5.494932,1.0,1.0,1600.0,0.06,,,random_connected,0.6037735849056604,1600.0,0.06,
random_connected_n40_extra120_seed105,40,159,46,2,3.0,46,71.069182,8019.0,817.0,592.0,2.880952,0,1,1.380068,3.0,0.960317,252.982213,0.181831,,,random_connected,0.2893081761006289,252.982213,0.181831,
random_connected_n40_extra120_seed105,40,159,39,3,5.0,39,75.471698,8019.0,592.0,592.0,4.875,0,1,1.0,5.0,0.975,136.798076,0.285092,,,random_connected,0.24528301886792453,136.798076,0.285092,
random_connected_n40_extra120_seed105,40,159,39,4,7.0,39,75.471698,8019.0,592.0,592.0,4.875,0,1,1.0,7.0,0.696429,100.594674,0.387694,,,random_connected,0.24528301886792453,100.594674,0.387694,
random_connected_n40_extra120_seed105,40,159,39,5,9.0,39,75.471698,8019.0,592.0,592.0,4.875,0,1,1.0,9.0,0.541667,83.651164,0.466222,,,random_connected,0.24528301886792453,83.651164,0.466222,
path_n60,60,59,59,1,1.0,59,0.0,59.0,59.0,59.0,1.0,0,0,1.0,1.0,1.0,3600.0,0.016389,,,path,1.0,3600.0,0.016389,
path_n60,60,59,59,2,3.0,59,0.0,59.0,59.0,59.0,1.0,0,0,1.0,3.0,0.333333,464.758002,0.126948,118.0,0.5,path,1.0,464.758002,0.126948,0.5
path_n60,60,59,59,3,5.0,59,0.0,59.0,59.0,59.0,1.0,0,0,1.0,5.0,0.2,234.892058,0.251179,88.5,0.666667,path,1.0,234.892058,0.251179,0.666667
path_n60,60,59,59,4,7.0,59,0.0,59.0,59.0,59.0,1.0,0,0,1.0,7.0,0.142857,166.989461,0.353316,78.666667,0.75,path,1.0,166.989461,0.353316,0.75
path_n60,60,59,59,5,9.0,59,0.0,59.0,59.0,59.0,1.0,0,0,1.0,9.0,0.111111,136.075989,0.433581,73.75,0.8,path,1.0,136.075989,0.433581,0.8
path_n100,100,99,99,1,1.0,99,0.0,99.0,99.0,99.0,1.0,0,0,1.0,1.0,1.0,10000.0,0.0099,,,path,1.0,10000.0,0.0099,
path_n100,100,99,99,2,3.0,99,0.0,99.0,99.0,99.0,1.0,0,0,1.0,3.0,0.333333,1000.0,0.099,198.0,0.5,path,1.0,1000.0,0.099,0.5
path_n100,100,99,99,3,5.0,99,0.0,99.0,99.0,99.0,1.0,0,0,1.0,5.0,0.2,464.158883,0.213289,148.5,0.666667,path,1.0,464.158883,0.213289,0.666667
path_n100,100,99,99,4,7.0,99,0.0,99.0,99.0,99.0,1.0,0,0,1.0,7.0,0.142857,316.227766,0.313065,132.0,0.75,path,1.0,316.227766,0.313065,0.75
path_n100,100,99,99,5,9.0,99,0.0,99.0,99.0,99.0,1.0,0,0,1.0,9.0,0.111111,251.188643,0.394126,123.75,0.8,path,1.0,251.188643,0.394126,0.8
path_n150,150,149,149,1,1.0,149,0.0,149.0,149.0,149.0,1.0,0,1,1.0,1.0,1.0,22500.0,0.006622,,,path,1.0,22500.0,0.006622,
path_n150,150,149,149,2,3.0,149,0.0,149.0,149.0,149.0,1.0,0,2,1.0,3.0,0.333333,1837.117307,0.081105,298.0,0.5,path,1.0,1837.117307,0.081105,0.5
path_n150,150,149,149,3,5.0,149,0.0,149.0,149.0,149.0,1.0,0,1,1.0,5.0,0.2,796.993927,0.186952,223.5,0.666667,path,1.0,796.993927,0.186952,0.666667
path_n150,150,149,149,4,7.0,149,0.0,149.0,149.0,149.0,1.0,0,0,1.0,7.0,0.142857,524.945327,0.283839,198.666667,0.75,path,1.0,524.945327,0.283839,0.75
path_n150,150,149,149,5,9.0,149,0.0,149.0,149.0,149.0,1.0,0,0,1.0,9.0,0.111111,408.610489,0.36465,186.25,0.8,path,1.0,408.610489,0.36465,0.8
cycle_n60,60,60,60,1,1.0,60,0.0,60.0,60.0,59.0,1.0,0,0,1.016949,1.0,1.0,3600.0,0.016667,,,cycle,1.0,3600.0,0.016667,
cycle_n60,60,60,60,2,3.0,60,0.0,60.0,60.0,59.0,1.0,0,0,1.016949,3.0,0.333333,464.758002,0.129099,118.0,0.508475,cycle,1.0,464.758002,0.129099,0.508475
cycle_n60,60,60,60,3,5.0,60,0.0,60.0,60.0,59.0,1.0,0,0,1.016949,5.0,0.2,234.892058,0.255436,88.5,0.677966,cycle,1.0,234.892058,0.255436,0.677966
cycle_n60,60,60,60,4,7.0,60,0.0,60.0,60.0,59.0,1.0,0,0,1.016949,7.0,0.142857,166.989461,0.359304,78.666667,0.762712,cycle,1.0,166.989461,0.359304,0.762712
cycle_n60,60,60,60,5,9.0,60,0.0,60.0,60.0,59.0,1.0,0,0,1.016949,9.0,0.111111,136.075989,0.44093,73.75,0.813559,cycle,1.0,136.075989,0.44093,0.813559
cycle_n100,100,100,100,1,1.0,100,0.0,100.0,100.0,99.0,1.0,0,0,1.010101,1.0,1.0,10000.0,0.01,,,cycle,1.0,10000.0,0.01,
cycle_n100,100,100,100,2,3.0,100,0.0,100.0,100.0,99.0,1.0,0,0,1.010101,3.0,0.333333,1000.0,0.1,198.0,0.505051,cycle,1.0,1000.0,0.1,0.505051
cycle_n100,100,100,100,3,5.0,100,0.0,100.0,100.0,99.0,1.0,0,0,1.010101,5.0,0.2,464.158883,0.215443,148.5,0.673401,cycle,1.0,464.158883,0.215443,0.673401
cycle_n100,100,100,100,4,7.0,100,0.0,100.0,100.0,99.0,1.0,0,1,1.010101,7.0,0.142857,316.227766,0.316228,132.0,0.757576,cycle,1.0,316.227766,0.316228,0.757576
cycle_n100,100,100,100,5,9.0,100,0.0,100.0,100.0,99.0,1.0,0,0,1.010101,9.0,0.111111,251.188643,0.398107,123.75,0.808081,cycle,1.0,251.188643,0.398107,0.808081
cycle_n150,150,150,150,1,1.0,150,0.0,150.0,150.0,149.0,1.0,0,3,1.006711,1.0,1.0,22500.0,0.006667,,,cycle,1.0,22500.0,0.006667,
cycle_n150,150,150,150,2,3.0,150,0.0,150.0,150.0,149.0,1.0,0,1,1.006711,3.0,0.333333,1837.117307,0.08165,298.0,0.503356,cycle,1.0,1837.117307,0.08165,0.503356
cycle_n150,150,150,150,3,5.0,150,0.0,150.0,150.0,149.0,1.0,0,2,1.006711,5.0,0.2,796.993927,0.188207,223.5,0.671141,cycle,1.0,796.993927,0.188207,0.671141
cycle_n150,150,150,150,4,7.0,150,0.0,150.0,150.0,149.0,1.0,0,1,1.006711,7.0,0.142857,524.945327,0.285744,198.666667,0.755034,cycle,1.0,524.945327,0.285744,0.755034
cycle_n150,150,150,150,5,9.0,150,0.0,150.0,150.0,149.0,1.0,0,1,1.006711,9.0,0.111111,408.610489,0.367098,186.25,0.805369,cycle,1.0,408.610489,0.367098,0.805369
cycle_threshold_n6,6,6,6,1,1.0,6,0.0,6.0,6.0,5.0,1.0,0,0,1.2,1.0,1.0,36.0,0.166667,,,cycle_threshold,1.0,36.0,0.166667,
cycle_threshold_n6,6,6,6,2,3.0,6,0.0,6.0,6.0,5.0,1.0,0,0,1.2,3.0,0.333333,14.696938,0.408248,10.0,0.6,cycle_threshold,1.0,14.696938,0.408248,0.6
cycle_threshold_n6,6,6,5,3,5.0,5,16.666667,6.0,5.0,5.0,5.0,0,0,1.0,5.0,1.0,10.902724,0.458601,7.5,0.666667,cycle_threshold,0.8333333333333334,10.902724,0.458601,0.666667
cycle_threshold_n6,6,6,5,4,7.0,5,16.666667,6.0,5.0,5.0,5.0,0,0,1.0,7.0,0.714286,9.390507,0.532453,6.666667,0.75,cycle_threshold,0.8333333333333334,9.390507,0.532453,0.75
cycle_threshold_n6,6,6,5,5,9.0,5,16.666667,6.0,5.0,5.0,5.0,0,0,1.0,9.0,0.555556,8.585814,0.582356,6.25,0.8,cycle_threshold,0.8333333333333334,8.585814,0.582356,0.8
cycle_threshold_n7,7,7,7,1,1.0,7,0.0,7.0,7.0,6.0,1.0,0,0,1.166667,1.0,1.0,49.0,0.142857,,,cycle_threshold,1.0,49.0,0.142857,
cycle_threshold_n7,7,7,7,2,3.0,7,0.0,7.0,7.0,6.0,1.0,0,0,1.166667,3.0,0.333333,18.520259,0.377964,12.0,0.583333,cycle_threshold,1.0,18.520259,0.377964,0.583333
cycle_threshold_n7,7,7,7,3,5.0,7,0.0,7.0,7.0,6.0,1.0,0,0,1.166667,5.0,0.2,13.390518,0.522758,9.0,0.777778,cycle_threshold,1.0,13.390518,0.522758,0.777778
cycle_threshold_n7,7,7,6,4,7.0,6,14.285714,7.0,6.0,6.0,6.0,0,0,1.0,7.0,0.857143,11.386036,0.526961,8.0,0.75,cycle_threshold,0.8571428571428571,11.386036,0.526961,0.75
cycle_threshold_n7,7,7,6,5,9.0,6,14.285714,7.0,6.0,6.0,6.0,0,0,1.0,9.0,0.666667,10.330412,0.580809,7.5,0.8,cycle_threshold,0.8571428571428571,10.330412,0.580809,0.8
cycle_threshold_n8,8,8,8,1,1.0,8,0.0,8.0,8.0,7.0,1.0,0,0,1.142857,1.0,1.0,64.0,0.125,,,cycle_threshold,1.0,64.0,0.125,
cycle_threshold_n8,8,8,8,2,3.0,8,0.0,8.0,8.0,7.0,1.0,0,0,1.142857,3.0,0.333333,22.627417,0.353553,14.0,0.571429,cycle_threshold,1.0,22.627417,0.353553,0.571429
cycle_threshold_n8,8,8,8,3,5.0,8,0.0,8.0,8.0,7.0,1.0,0,0,1.142857,5.0,0.2,16.0,0.5,10.5,0.761905,cycle_threshold,1.0,16.0,0.5,0.761905
cycle_threshold_n8,8,8,7,4,7.0,7,12.5,8.0,7.0,7.0,7.0,0,0,1.0,7.0,1.0,13.454343,0.520278,9.333333,0.75,cycle_threshold,0.875,13.454343,0.520278,0.75
cycle_threshold_n8,8,8,7,5,9.0,7,12.5,8.0,7.0,7.0,7.0,0,0,1.0,9.0,0.777778,12.125733,0.577285,8.75,0.8,cycle_threshold,0.875,12.125733,0.577285,0.8
cycle_threshold_n10,10,10,10,1,1.0,10,0.0,10.0,10.0,9.0,1.0,0,0,1.111111,1.0,1.0,100.0,0.1,,,cycle_threshold,1.0,100.0,0.1,
cycle_threshold_n10,10,10,10,2,3.0,10,0.0,10.0,10.0,9.0,1.0,0,0,1.111111,3.0,0.333333,31.622777,0.316228,18.0,0.555556,cycle_threshold,1.0,31.622777,0.316228,0.555556
cycle_threshold_n10,10,10,10,3,5.0,10,0.0,10.0,10.0,9.0,1.0,0,0,1.111111,5.0,0.2,21.544347,0.464159,13.5,0.740741,cycle_threshold,1.0,21.544347,0.464159,0.740741
cycle_threshold_n10,10,10,10,4,7.0,10,0.0,10.0,10.0,9.0,1.0,0,0,1.111111,7.0,0.142857,17.782794,0.562341,12.0,0.833333,cycle_threshold,1.0,17.782794,0.562341,0.833333
cycle_threshold_n10,10,10,9,5,9.0,9,10.0,10.0,9.0,9.0,9.0,0,0,1.0,9.0,1.0,15.848932,0.567862,11.25,0.8,cycle_threshold,0.9,15.848932,0.567862,0.8
random_tree_n60_seed210,60,59,59,1,1.0,59,0.0,2492.0,2492.0,2492.0,1.0,0,0,1.0,1.0,1.0,3600.0,0.016389,,,tree,1.0,3600.0,0.016389,
random_tree_n60_seed210,60,59,59,2,3.0,59,0.0,2492.0,2492.0,2492.0,1.0,0,0,1.0,3.0,0.333333,464.758002,0.126948,118.0,0.5,tree,1.0,464.758002,0.126948,0.5
random_tree_n60_seed210,60,59,59,3,5.0,59,0.0,2492.0,2492.0,2492.0,1.0,0,0,1.0,5.0,0.2,234.892058,0.251179,88.5,0.666667,tree,1.0,234.892058,0.251179,0.666667
random_tree_n60_seed210,60,59,59,4,7.0,59,0.0,2492.0,2492.0,2492.0,1.0,0,0,1.0,7.0,0.142857,166.989461,0.353316,78.666667,0.75,tree,1.0,166.989461,0.353316,0.75
random_tree_n60_seed210,60,59,59,5,9.0,59,0.0,2492.0,2492.0,2492.0,1.0,0,0,1.0,9.0,0.111111,136.075989,0.433581,73.75,0.8,tree,1.0,136.075989,0.433581,0.8
random_tree_n100_seed211,100,99,99,1,1.0,99,0.0,4812.0,4812.0,4812.0,1.0,0,0,1.0,1.0,1.0,10000.0,0.0099,,,tree,1.0,10000.0,0.0099,
random_tree_n100_seed211,100,99,99,2,3.0,99,0.0,4812.0,4812.0,4812.0,1.0,0,0,1.0,3.0,0.333333,1000.0,0.099,198.0,0.5,tree,1.0,1000.0,0.099,0.5
random_tree_n100_seed211,100,99,99,3,5.0,99,0.0,4812.0,4812.0,4812.0,1.0,0,0,1.0,5.0,0.2,464.158883,0.213289,148.5,0.666667,tree,1.0,464.158883,0.213289,0.666667
random_tree_n100_seed211,100,99,99,4,7.0,99,0.0,4812.0,4812.0,4812.0,1.0,0,0,1.0,7.0,0.142857,316.227766,0.313065,132.0,0.75,tree,1.0,316.227766,0.313065,0.75
random_tree_n100_seed211,100,99,99,5,9.0,99,0.0,4812.0,4812.0,4812.0,1.0,0,0,1.0,9.0,0.111111,251.188643,0.394126,123.75,0.8,tree,1.0,251.188643,0.394126,0.8
random_tree_n150_seed212,150,149,149,1,1.0,149,0.0,7847.0,7847.0,7847.0,1.0,0,1,1.0,1.0,1.0,22500.0,0.006622,,,tree,1.0,22500.0,0.006622,
random_tree_n150_seed212,150,149,149,2,3.0,149,0.0,7847.0,7847.0,7847.0,1.0,0,1,1.0,3.0,0.333333,1837.117307,0.081105,298.0,0.5,tree,1.0,1837.117307,0.081105,0.5
random_tree_n150_seed212,150,149,149,3,5.0,149,0.0,7847.0,7847.0,7847.0,1.0,0,1,1.0,5.0,0.2,796.993927,0.186952,223.5,0.666667,tree,1.0,796.993927,0.186952,0.666667
random_tree_n150_seed212,150,149,149,4,7.0,149,0.0,7847.0,7847.0,7847.0,1.0,0,1,1.0,7.0,0.142857,524.945327,0.283839,198.666667,0.75,tree,1.0,524.945327,0.283839,0.75
random_tree_n150_seed212,150,149,149,5,9.0,149,0.0,7847.0,7847.0,7847.0,1.0,0,0,1.0,9.0,0.111111,408.610489,0.36465,186.25,0.8,tree,1.0,408.610489,0.36465,0.8
complete_n30_seed220,30,435,64,1,1.0,64,85.287356,21168.0,490.0,119.0,1.0,0,2,4.117647,1.0,1.0,900.0,0.071111,,,complete,0.1471264367816092,900.0,0.071111,
complete_n30_seed220,30,435,32,2,3.0,32,92.643678,21168.0,142.0,119.0,3.0,0,1,1.193277,3.0,1.0,164.316767,0.194746,,,complete,0.0735632183908046,164.316767,0.194746,
complete_n30_seed220,30,435,29,3,5.0,29,93.333333,21168.0,119.0,119.0,5.0,0,1,1.0,5.0,1.0,93.216975,0.311102,,,complete,0.06666666666666667,93.216975,0.311102,
complete_n30_seed220,30,435,29,4,7.0,29,93.333333,21168.0,119.0,119.0,5.0,0,1,1.0,7.0,0.714286,70.21042,0.413044,,,complete,0.06666666666666667,70.21042,0.413044,
complete_n30_seed220,30,435,29,5,9.0,29,93.333333,21168.0,119.0,119.0,5.0,0,1,1.0,9.0,0.555556,59.230515,0.489612,,,complete,0.06666666666666667,59.230515,0.489612,
complete_n40_seed221,40,780,90,1,1.0,90,88.461538,39011.0,644.0,143.0,1.0,0,5,4.503497,1.0,1.0,1600.0,0.05625,,,complete,0.11538461538461539,1600.0,0.05625,
complete_n40_seed221,40,780,45,2,3.0,45,94.230769,39011.0,169.0,143.0,2.777778,0,3,1.181818,3.0,0.925926,252.982213,0.177878,,,complete,0.057692307692307696,252.982213,0.177878,
complete_n40_seed221,40,780,40,3,5.0,40,94.871795,39011.0,147.0,143.0,4.8,0,2,1.027972,5.0,0.96,136.798076,0.292402,,,complete,0.05128205128205128,136.798076,0.292402,
complete_n40_seed221,40,780,40,4,7.0,40,94.871795,39011.0,148.0,143.0,5.75,0,2,1.034965,7.0,0.821429,100.594674,0.397635,,,complete,0.05128205128205128,100.594674,0.397635,
complete_n40_seed221,40,780,39,5,9.0,39,95.0,39011.0,143.0,143.0,7.4,0,1,1.0,9.0,0.822222,83.651164,0.466222,,,complete,0.05,83.651164,0.466222,
complete_n50_seed222,50,1225,123,1,1.0,123,89.959184,60759.0,619.0,123.0,1.0,0,7,5.03252,1.0,1.0,2500.0,0.0492,,,complete,0.10040816326530612,2500.0,0.0492,
complete_n50_seed222,50,1225,59,2,3.0,59,95.183673,60759.0,157.0,123.0,3.0,0,5,1.276423,3.0,1.0,353.553391,0.166877,,,complete,0.04816326530612245,353.553391,0.166877,
complete_n50_seed222,50,1225,50,3,5.0,50,95.918367,60759.0,126.0,123.0,5.0,0,3,1.02439,5.0,1.0,184.201575,0.271442,,,complete,0.04081632653061224,184.201575,0.271442,
complete_n50_seed222,50,1225,50,4,7.0,50,95.918367,60759.0,127.0,123.0,7.0,0,3,1.03252,7.0,1.0,132.957397,0.37606,,,complete,0.04081632653061224,132.957397,0.37606,
complete_n50_seed222,50,1225,49,5,9.0,49,96.0,60759.0,123.0,123.0,7.5,0,4,1.0,9.0,0.833333,109.336207,0.448159,,,complete,0.04,109.336207,0.448159,
complete_unit_n20,20,190,190,1,1.0,190,0.0,190.0,190.0,19.0,1.0,0,0,10.0,1.0,1.0,400.0,0.475,,,complete_unit,1.0,400.0,0.475,
complete_unit_n20,20,190,19,2,3.0,19,90.0,190.0,19.0,19.0,2.0,0,0,1.0,3.0,0.666667,89.442719,0.212426,,,complete_unit,0.1,89.442719,0.212426,
complete_unit_n20,20,190,19,3,5.0,19,90.0,190.0,19.0,19.0,2.0,0,0,1.0,5.0,0.4,54.288352,0.349983,,,complete_unit,0.1,54.288352,0.349983,
complete_unit_n20,20,190,19,4,7.0,19,90.0,190.0,19.0,19.0,2.0,0,0,1.0,7.0,0.285714,42.294851,0.449227,,,complete_unit,0.1,42.294851,0.449227,
complete_unit_n20,20,190,19,5,9.0,19,90.0,190.0,19.0,19.0,2.0,0,0,1.0,9.0,0.222222,36.411284,0.521816,,,complete_unit,0.1,36.411284,0.521816,
complete_unit_n40,40,780,780,1,1.0,780,0.0,780.0,780.0,39.0,1.0,0,8,20.0,1.0,1.0,1600.0,0.4875,,,complete_unit,1.0,1600.0,0.4875,
complete_unit_n40,40,780,39,2,3.0,39,95.0,780.0,39.0,39.0,2.0,0,2,1.0,3.0,0.666667,252.982213,0.154161,,,complete_unit,0.05,252.982213,0.154161,
complete_unit_n40,40,780,39,3,5.0,39,95.0,780.0,39.0,39.0,2.0,0,2,1.0,5.0,0.4,136.798076,0.285092,,,complete_unit,0.05,136.798076,0.285092,
complete_unit_n40,40,780,39,4,7.0,39,95.0,780.0,39.0,39.0,2.0,0,2,1.0,7.0,0.285714,100.594674,0.387694,,,complete_unit,0.05,100.594674,0.387694,
complete_unit_n40,40,780,39,5,9.0,39,95.0,780.0,39.0,39.0,2.0,0,1,1.0,9.0,0.222222,83.651164,0.466222,,,complete_unit,0.05,83.651164,0.466222,
random_connected_sparse_n60_extra60_seed300,60,119,109,1,1.0,109,8.403361,6235.0,5354.0,1849.0,1.0,0,0,2.895619,1.0,1.0,3600.0,0.030278,,,random_sparse,0.9159663865546218,3600.0,0.030278,
random_connected_sparse_n60_extra60_seed300,60,119,65,2,3.0,65,45.378151,6235.0,2188.0,1849.0,2.881579,0,0,1.183342,3.0,0.960526,464.758002,0.139858,,,random_sparse,0.5462184873949579,464.758002,0.139858,
random_connected_sparse_n60_extra60_seed300,60,119,61,3,5.0,61,48.739496,6235.0,1974.0,1849.0,3.8,0,0,1.067604,5.0,0.76,234.892058,0.259694,,,random_sparse,0.5126050420168067,234.892058,0.259694,
random_connected_sparse_n60_extra60_seed300,60,119,59,4,7.0,59,50.420168,6235.0,1849.0,1849.0,6.542857,0,0,1.0,7.0,0.934694,166.989461,0.353316,,,random_sparse,0.4957983193277311,166.989461,0.353316,
random_connected_sparse_n60_extra60_seed300,60,119,59,5,9.0,59,50.420168,6235.0,1849.0,1849.0,6.542857,0,0,1.0,9.0,0.726984,136.075989,0.433581,,,random_sparse,0.4957983193277311,136.075989,0.433581,
random_connected_sparse_n100_extra100_seed301,100,199,191,1,1.0,191,4.020101,9444.0,8850.0,2584.0,1.0,0,1,3.424923,1.0,1.0,10000.0,0.0191,,,random_sparse,0.9597989949748744,10000.0,0.0191,
random_connected_sparse_n100_extra100_seed301,100,199,124,2,3.0,124,37.688442,9444.0,4025.0,2584.0,2.934211,0,1,1.557663,3.0,0.97807,1000.0,0.124,,,random_sparse,0.6231155778894473,1000.0,0.124,
random_connected_sparse_n100_extra100_seed301,100,199,105,3,5.0,105,47.236181,9444.0,2913.0,2584.0,5.0,0,1,1.127322,5.0,1.0,464.158883,0.226216,,,random_sparse,0.5276381909547738,464.158883,0.226216,
random_connected_sparse_n100_extra100_seed301,100,199,100,4,7.0,100,49.748744,9444.0,2631.0,2584.0,5.923077,0,0,1.018189,7.0,0.846154,316.227766,0.316228,,,random_sparse,0.5025125628140703,316.227766,0.316228,
random_connected_sparse_n100_extra100_seed301,100,199,99,5,9.0,99,50.251256,9444.0,2584.0,2584.0,7.510638,0,0,1.0,9.0,0.834515,251.188643,0.394126,,,random_sparse,0.49748743718592964,251.188643,0.394126,
random_connected_sparse_n150_extra150_seed302,150,299,290,1,1.0,290,3.010033,15518.0,14815.0,4712.0,1.0,0,3,3.1441,1.0,1.0,22500.0,0.012889,,,random_sparse,0.9698996655518395,22500.0,0.012889,
random_connected_sparse_n150_extra150_seed302,150,299,192,2,3.0,192,35.785953,15518.0,7383.0,4712.0,2.97561,0,2,1.566851,3.0,0.99187,1837.117307,0.104512,,,random_sparse,0.6421404682274248,1837.117307,0.104512,
random_connected_sparse_n150_extra150_seed302,150,299,165,3,5.0,165,44.816054,15518.0,5687.0,4712.0,4.880952,0,2,1.206919,5.0,0.97619,796.993927,0.207028,,,random_sparse,0.5518394648829431,796.993927,0.207028,
random_connected_sparse_n150_extra150_seed302,150,299,154,4,7.0,154,48.494983,15518.0,4947.0,4712.0,6.511628,0,4,1.049873,7.0,0.930233,524.945327,0.293364,,,random_sparse,0.5150501672240803,524.945327,0.293364,
random_connected_sparse_n150_extra150_seed302,150,299,151,5,9.0,151,49.498328,15518.0,4795.0,4712.0,7.435897,0,2,1.017615,9.0,0.826211,408.610489,0.369545,,,random_sparse,0.5050167224080268,408.610489,0.369545,
random_connected_medium_n60_extra180_seed400,60,239,144,1,1.0,144,39.748954,12443.0,5100.0,921.0,1.0,0,1,5.537459,1.0,1.0,3600.0,0.04,,,random_medium,0.602510460251046,3600.0,0.04,
random_connected_medium_n60_extra180_seed400,60,239,68,2,3.0,68,71.548117,12443.0,1203.0,921.0,3.0,0,1,1.306189,3.0,1.0,464.758002,0.146313,,,random_medium,0.28451882845188287,464.758002,0.146313,
random_connected_medium_n60_extra180_seed400,60,239,60,3,5.0,60,74.895397,12443.0,946.0,921.0,4.611111,0,0,1.027144,5.0,0.922222,234.892058,0.255436,,,random_medium,0.2510460251046025,234.892058,0.255436,
random_connected_medium_n60_extra180_seed400,60,239,60,4,7.0,60,74.895397,12443.0,950.0,921.0,5.060606,0,1,1.031488,7.0,0.722944,166.989461,0.359304,,,random_medium,0.2510460251046025,166.989461,0.359304,
random_connected_medium_n60_extra180_seed400,60,239,59,5,9.0,59,75.313808,12443.0,921.0,921.0,7.413793,0,0,1.0,9.0,0.823755,136.075989,0.433581,,,random_medium,0.24686192468619247,136.075989,0.433581,
random_connected_medium_n100_extra300_seed401,100,399,290,1,1.0,290,27.318296,20343.0,11563.0,1557.0,1.0,0,6,7.426461,1.0,1.0,10000.0,0.029,,,random_medium,0.7268170426065163,10000.0,0.029,
random_connected_medium_n100_extra300_seed401,100,399,125,2,3.0,125,68.671679,20343.0,2411.0,1557.0,3.0,0,3,1.548491,3.0,1.0,1000.0,0.125,,,random_medium,0.3132832080200501,1000.0,0.125,
random_connected_medium_n100_extra300_seed401,100,399,107,3,5.0,107,73.182957,20343.0,1812.0,1557.0,4.939394,0,2,1.163776,5.0,0.987879,464.158883,0.230525,,,random_medium,0.2681704260651629,464.158883,0.230525,
random_connected_medium_n100_extra300_seed401,100,399,101,4,7.0,101,74.686717,20343.0,1622.0,1557.0,6.615385,0,2,1.041747,7.0,0.945055,316.227766,0.31939,,,random_medium,0.2531328320802005,316.227766,0.31939,
random_connected_medium_n100_extra300_seed401,100,399,99,5,9.0,99,75.18797,20343.0,1557.0,1557.0,7.771429,0,2,1.0,9.0,0.863492,251.188643,0.394126,,,random_medium,0.24812030075187969,251.188643,0.394126,
random_connected_medium_n150_extra450_seed402,150,599,423,1,1.0,423,29.382304,30562.0,16660.0,2336.0,1.0,0,11,7.131849,1.0,1.0,22500.0,0.0188,,,random_medium,0.7061769616026711,22500.0,0.0188,
random_connected_medium_n150_extra450_seed402,150,599,186,2,3.0,186,68.948247,30562.0,3375.0,2336.0,3.0,0,8,1.444777,3.0,1.0,1837.117307,0.101246,,,random_medium,0.3105175292153589,1837.117307,0.101246,
random_connected_medium_n150_extra450_seed402,150,599,158,3,5.0,158,73.622705,30562.0,2552.0,2336.0,4.935484,0,6,1.092466,5.0,0.987097,796.993927,0.198245,,,random_medium,0.2637729549248748,796.993927,0.198245,
random_connected_medium_n150_extra450_seed402,150,599,152,4,7.0,152,74.624374,30562.0,2403.0,2336.0,6.409091,0,6,1.028682,7.0,0.915584,524.945327,0.289554,,,random_medium,0.25375626043405675,524.945327,0.289554,
random_connected_medium_n150_extra450_seed402,150,599,150,5,9.0,150,74.958264,30562.0,2357.0,2336.0,8.518519,0,6,1.00899,9.0,0.946502,408.610489,0.367098,,,random_medium,0.25041736227045075,408.610489,0.367098,
random_connected_dense_n40_extra240_seed500,40,279,77,1,1.0,77,72.401434,14762.0,1504.0,405.0,1.0,0,1,3.71358,1.0,1.0,1600.0,0.048125,,,random_dense,0.27598566308243727,1600.0,0.048125,
random_connected_dense_n40_extra240_seed500,40,279,41,2,3.0,41,85.304659,14762.0,426.0,405.0,2.684211,0,0,1.051852,3.0,0.894737,252.982213,0.162067,,,random_dense,0.14695340501792115,252.982213,0.162067,
random_connected_dense_n40_extra240_seed500,40,279,39,3,5.0,39,86.021505,14762.0,405.0,405.0,3.272727,0,0,1.0,5.0,0.654545,136.798076,0.285092,,,random_dense,0.13978494623655913,136.798076,0.285092,
random_connected_dense_n40_extra240_seed500,40,279,39,4,7.0,39,86.021505,14762.0,405.0,405.0,3.272727,0,0,1.0,7.0,0.467532,100.594674,0.387694,,,random_dense,0.13978494623655913,100.594674,0.387694,
random_connected_dense_n40_extra240_seed500,40,279,39,5,9.0,39,86.021505,14762.0,405.0,405.0,3.272727,0,0,1.0,9.0,0.363636,83.651164,0.466222,,,random_dense,0.13978494623655913,83.651164,0.466222,
random_connected_dense_n60_extra360_seed501,60,419,142,1,1.0,142,66.109785,21352.0,2789.0,545.0,1.0,0,3,5.117431,1.0,1.0,3600.0,0.039444,,,random_dense,0.33890214797136037,3600.0,0.039444,
random_connected_dense_n60_extra360_seed501,60,419,69,2,3.0,69,83.53222,21352.0,687.0,545.0,3.0,0,2,1.26055,3.0,1.0,464.758002,0.148464,,,random_dense,0.16467780429594273,464.758002,0.148464,
random_connected_dense_n60_extra360_seed501,60,419,61,3,5.0,61,85.441527,21352.0,570.0,545.0,4.5,0,1,1.045872,5.0,0.9,234.892058,0.259694,,,random_dense,0.14558472553699284,234.892058,0.259694,
random_connected_dense_n60_extra360_seed501,60,419,59,4,7.0,59,85.918854,21352.0,545.0,545.0,5.538462,0,1,1.0,7.0,0.791209,166.989461,0.353316,,,random_dense,0.14081145584725538,166.989461,0.353316,
random_connected_dense_n60_extra360_seed501,60,419,59,5,9.0,59,85.918854,21352.0,545.0,545.0,5.538462,0,1,1.0,9.0,0.615385,136.075989,0.433581,,,random_dense,0.14081145584725538,136.075989,0.433581,
random_connected_dense_n80_extra480_seed502,80,559,198,1,1.0,198,64.579606,27903.0,4089.0,720.0,1.0,0,5,5.679167,1.0,1.0,6400.0,0.030938,,,random_dense,0.3542039355992844,6400.0,0.030938,
random_connected_dense_n80_extra480_seed502,80,559,91,2,3.0,91,83.72093,27903.0,880.0,720.0,2.947368,0,4,1.222222,3.0,0.982456,715.541753,0.127176,,,random_dense,0.16279069767441862,715.541753,0.127176,
random_connected_dense_n80_extra480_seed502,80,559,81,3,5.0,81,85.509839,27903.0,748.0,720.0,4.9,0,3,1.038889,5.0,0.98,344.70955,0.23498,,,random_dense,0.1449016100178891,344.70955,0.23498,
random_connected_dense_n80_extra480_seed502,80,559,79,4,7.0,79,85.867621,27903.0,720.0,720.0,5.083333,0,3,1.0,7.0,0.72619,239.255805,0.330191,,,random_dense,0.1413237924865832,239.255805,0.330191,
random_connected_dense_n80_extra480_seed502,80,559,79,5,9.0,79,85.867621,27903.0,720.0,720.0,5.083333,0,3,1.0,9.0,0.564815,192.179909,0.411073,,,random_dense,0.1413237924865832,192.179909,0.411073,
random_connected_dense_n100_extra600_seed503,100,699,274,1,1.0,274,60.801144,35096.0,5911.0,885.0,1.0,0,10,6.679096,1.0,1.0,10000.0,0.0274,,,random_dense,0.39198855507868385,10000.0,0.0274,
random_connected_dense_n100_extra600_seed503,100,699,123,2,3.0,123,82.403433,35096.0,1283.0,885.0,2.944444,0,7,1.449718,3.0,0.981481,1000.0,0.123,,,random_dense,0.1759656652360515,1000.0,0.123,
random_connected_dense_n100_extra600_seed503,100,699,104,3,5.0,104,85.121602,35096.0,970.0,885.0,4.833333,0,5,1.096045,5.0,0.966667,464.158883,0.224061,,,random_dense,0.14878397711015737,464.158883,0.224061,
random_connected_dense_n100_extra600_seed503,100,699,100,4,7.0,100,85.693848,35096.0,896.0,885.0,5.73913,0,6,1.012429,7.0,0.819876,316.227766,0.316228,,,random_dense,0.1430615164520744,316.227766,0.316228,
random_connected_dense_n100_extra600_seed503,100,699,99,5,9.0,99,85.83691,35096.0,885.0,885.0,8.785714,0,6,1.0,9.0,0.97619,251.188643,0.394126,,,random_dense,0.14163090128755365,251.188643,0.394126,
grid_8x8_unit_seed600,64,112,112,1,1.0,112,0.0,112.0,112.0,63.0,1.0,0,0,1.777778,1.0,1.0,4096.0,0.027344,,,grid_planar,1.0,4096.0,0.027344,
grid_8x8_unit_seed600,64,112,86,2,3.0,86,23.214286,112.0,86.0,63.0,3.0,0,0,1.365079,3.0,1.0,512.0,0.167969,126.0,0.68254,grid_planar,0.7678571428571429,512.0,0.167969,0.68254
grid_8x8_unit_seed600,64,112,77,3,5.0,77,31.25,112.0,77.0,63.0,5.0,0,0,1.222222,5.0,1.0,256.0,0.300781,94.5,0.814815,grid_planar,0.6875,256.0,0.300781,0.814815
grid_8x8_unit_seed600,64,112,71,4,7.0,71,36.607143,112.0,71.0,63.0,7.0,0,0,1.126984,7.0,1.0,181.019336,0.392223,84.0,0.845238,grid_planar,0.6339285714285714,181.019336,0.392223,0.845238
grid_8x8_unit_seed600,64,112,71,5,9.0,71,36.607143,112.0,71.0,63.0,7.0,0,0,1.126984,9.0,0.777778,147.033389,0.482884,78.75,0.901587,grid_planar,0.6339285714285714,147.033389,0.482884,0.901587
grid_10x10_weighted_seed601,100,180,164,1,1.0,164,8.888889,8676.0,7370.0,2766.0,1.0,0,0,2.664497,1.0,1.0,10000.0,0.0164,,,grid_planar,0.9111111111111111,10000.0,0.0164,
grid_10x10_weighted_seed601,100,180,113,2,3.0,113,37.222222,8676.0,3756.0,2766.0,2.862069,0,0,1.357918,3.0,0.954023,1000.0,0.113,198.0,0.570707,grid_planar,0.6277777777777778,1000.0,0.113,0.570707
grid_10x10_weighted_seed601,100,180,104,3,5.0,104,42.222222,8676.0,3111.0,2766.0,4.107527,0,0,1.124729,5.0,0.821505,464.158883,0.224061,148.5,0.700337,grid_planar,0.5777777777777777,464.158883,0.224061,0.700337
grid_10x10_weighted_seed601,100,180,101,4,7.0,101,43.888889,8676.0,2898.0,2766.0,6.854167,0,0,1.047722,7.0,0.979167,316.227766,0.31939,132.0,0.765152,grid_planar,0.5611111111111111,316.227766,0.31939,0.765152
grid_10x10_weighted_seed601,100,180,100,5,9.0,100,44.444444,8676.0,2827.0,2766.0,7.549296,0,0,1.022054,9.0,0.838811,251.188643,0.398107,123.75,0.808081,grid_planar,0.5555555555555556,251.188643,0.398107,0.808081
grid_12x12_weighted_seed602,144,264,235,1,1.0,235,10.984848,12472.0,10070.0,3695.0,1.0,0,1,2.725304,1.0,1.0,20736.0,0.011333,,,grid_planar,0.8901515151515151,20736.0,0.011333,
grid_12x12_weighted_seed602,144,264,164,2,3.0,164,37.878788,12472.0,4950.0,3695.0,2.913043,0,0,1.339648,3.0,0.971014,1728.0,0.094907,286.0,0.573427,grid_planar,0.6212121212121212,1728.0,0.094907,0.573427
grid_12x12_weighted_seed602,144,264,149,3,5.0,149,43.560606,12472.0,4021.0,3695.0,4.860465,0,0,1.088227,5.0,0.972093,754.773522,0.19741,214.5,0.694639,grid_planar,0.5643939393939394,754.773522,0.19741,0.694639
grid_12x12_weighted_seed602,144,264,147,4,7.0,147,44.318182,12472.0,3936.0,3695.0,5.591549,0,0,1.065223,7.0,0.798793,498.830633,0.294689,190.666667,0.770979,grid_planar,0.5568181818181818,498.830633,0.294689,0.770979
grid_12x12_weighted_seed602,144,264,145,5,9.0,145,45.075758,12472.0,3813.0,3695.0,7.952381,0,0,1.031935,9.0,0.883598,389.076491,0.372677,178.75,0.811189,grid_planar,0.5492424242424242,389.076491,0.372677,0.811189
theta_lower_bound_targetK2_chains20,42,60,60,1,1.0,60,0.0,60.0,60.0,41.0,1.0,0,0,1.463415,1.0,1.0,1764.0,0.034014,,,theta_lower_bound,1.0,1764.0,0.034014,
theta_lower_bound_targetK2_chains20,42,60,60,2,3.0,60,0.0,60.0,60.0,41.0,1.0,0,0,1.463415,3.0,0.333333,272.191109,0.220433,82.0,0.731707,theta_lower_bound,1.0,272.191109,0.220433,0.731707
theta_lower_bound_targetK2_chains20,42,60,41,3,5.0,41,31.666667,60.0,41.0,41.0,5.0,0,0,1.0,5.0,1.0,145.993119,0.280835,61.5,0.666667,theta_lower_bound,0.6833333333333333,145.993119,0.280835,0.666667
theta_lower_bound_targetK2_chains20,42,60,41,4,7.0,41,31.666667,60.0,41.0,41.0,5.0,0,0,1.0,7.0,0.714286,106.920656,0.383462,54.666667,0.75,theta_lower_bound,0.6833333333333333,106.920656,0.383462,0.75
theta_lower_bound_targetK2_chains20,42,60,41,5,9.0,41,31.666667,60.0,41.0,41.0,5.0,0,0,1.0,9.0,0.555556,88.695002,0.462258,51.25,0.8,theta_lower_bound,0.6833333333333333,88.695002,0.462258,0.8
theta_lower_bound_targetK3_chains20,62,80,80,1,1.0,80,0.0,80.0,80.0,61.0,1.0,0,0,1.311475,1.0,1.0,3844.0,0.020812,,,theta_lower_bound,1.0,3844.0,0.020812,
theta_lower_bound_targetK3_chains20,62,80,80,2,3.0,80,0.0,80.0,80.0,61.0,1.0,0,0,1.311475,3.0,0.333333,488.188488,0.163871,122.0,0.655738,theta_lower_bound,1.0,488.188488,0.163871,0.655738
theta_lower_bound_targetK3_chains20,62,80,80,3,5.0,80,0.0,80.0,80.0,61.0,1.0,0,0,1.311475,5.0,0.2,245.38928,0.326013,91.5,0.874317,theta_lower_bound,1.0,245.38928,0.326013,0.874317
theta_lower_bound_targetK3_chains20,62,80,61,4,7.0,61,23.75,80.0,61.0,61.0,7.0,0,0,1.0,7.0,1.0,173.976108,0.350623,81.333333,0.75,theta_lower_bound,0.7625,173.976108,0.350623,0.75
theta_lower_bound_targetK3_chains20,62,80,61,5,9.0,61,23.75,80.0,61.0,61.0,7.0,0,0,1.0,9.0,0.777778,141.537013,0.430983,76.25,0.8,theta_lower_bound,0.7625,141.537013,0.430983,0.8
theta_lower_bound_targetK4_chains20,82,100,100,1,1.0,100,0.0,100.0,100.0,81.0,1.0,0,0,1.234568,1.0,1.0,6724.0,0.014872,,,theta_lower_bound,1.0,6724.0,0.014872,
theta_lower_bound_targetK4_chains20,82,100,100,2,3.0,100,0.0,100.0,100.0,81.0,1.0,0,0,1.234568,3.0,0.333333,742.541581,0.134673,162.0,0.617284,theta_lower_bound,1.0,742.541581,0.134673,0.617284
theta_lower_bound_targetK4_chains20,82,100,100,3,5.0,100,0.0,100.0,100.0,81.0,1.0,0,0,1.234568,5.0,0.2,356.247482,0.280704,121.5,0.823045,theta_lower_bound,1.0,356.247482,0.280704,0.823045
theta_lower_bound_targetK4_chains20,82,100,100,4,7.0,100,0.0,100.0,100.0,81.0,1.0,0,0,1.234568,7.0,0.142857,246.755769,0.405259,108.0,0.925926,theta_lower_bound,1.0,246.755769,0.405259,0.925926
theta_lower_bound_targetK4_chains20,82,100,81,5,9.0,81,19.0,100.0,81.0,81.0,9.0,0,0,1.0,9.0,1.0,197.959625,0.409174,101.25,0.8,theta_lower_bound,0.81,197.959625,0.409174,0.8
theta_lower_bound_targetK5_chains20,102,120,120,1,1.0,120,0.0,120.0,120.0,101.0,1.0,0,0,1.188119,1.0,1.0,10404.0,0.011534,,,theta_lower_bound,1.0,10404.0,0.011534,
theta_lower_bound_targetK5_chains20,102,120,120,2,3.0,120,0.0,120.0,120.0,101.0,1.0,0,0,1.188119,3.0,0.333333,1030.149504,0.116488,202.0,0.594059,theta_lower_bound,1.0,1030.149504,0.116488,0.594059
theta_lower_bound_targetK5_chains20,102,120,120,3,5.0,120,0.0,120.0,120.0,101.0,1.0,0,0,1.188119,5.0,0.2,476.57753,0.251795,151.5,0.792079,theta_lower_bound,1.0,476.57753,0.251795,0.792079
theta_lower_bound_targetK5_chains20,102,120,120,4,7.0,120,0.0,120.0,120.0,101.0,1.0,0,1,1.188119,7.0,0.142857,324.153126,0.370195,134.666667,0.891089,theta_lower_bound,1.0,324.153126,0.370195,0.891089
theta_lower_bound_targetK5_chains20,102,120,120,5,9.0,120,0.0,120.0,120.0,101.0,1.0,0,0,1.188119,9.0,0.111111,257.229164,0.46651,126.25,0.950495,theta_lower_bound,1.0,257.229164,0.46651,0.950495
random_connected_n80_extra240_wide_weights_seed700,80,319,236,1,1.0,236,26.018809,168881.0,103771.0,14404.0,1.0,0,3,7.204318,1.0,1.0,6400.0,0.036875,,,wide_weights,0.7398119122257053,6400.0,0.036875,
random_connected_n80_extra240_wide_weights_seed700,80,319,100,2,3.0,100,68.652038,168881.0,21734.0,14404.0,2.940625,0,1,1.508886,3.0,0.980208,715.541753,0.139754,,,wide_weights,0.31347962382445144,715.541753,0.139754,
random_connected_n80_extra240_wide_weights_seed700,80,319,84,3,5.0,84,73.667712,168881.0,16051.0,14404.0,4.982877,0,1,1.114343,5.0,0.996575,344.70955,0.243683,,,wide_weights,0.26332288401253917,344.70955,0.243683,
random_connected_n80_extra240_wide_weights_seed700,80,319,81,4,7.0,81,74.60815,168881.0,14920.0,14404.0,6.366197,0,1,1.035823,7.0,0.909457,239.255805,0.33855,,,wide_weights,0.25391849529780564,239.255805,0.33855,
random_connected_n80_extra240_wide_weights_seed700,80,319,79,5,9.0,79,75.23511,168881.0,14404.0,14404.0,8.045977,0,1,1.0,9.0,0.893997,192.179909,0.411073,,,wide_weights,0.2476489028213166,192.179909,0.411073,
random_connected_n100_extra300_wide_weights_seed701,100,399,276,1,1.0,276,30.827068,200571.0,104127.0,14325.0,1.0,0,4,7.268901,1.0,1.0,10000.0,0.0276,,,wide_weights,0.6917293233082706,10000.0,0.0276,
random_connected_n100_extra300_wide_weights_seed701,100,399,118,2,3.0,118,70.426065,200571.0,19990.0,14325.0,2.958549,0,3,1.395462,3.0,0.986183,1000.0,0.118,,,wide_weights,0.2957393483709273,1000.0,0.118,
random_connected_n100_extra300_wide_weights_seed701,100,399,103,3,5.0,103,74.185464,200571.0,15357.0,14325.0,4.647799,0,2,1.072042,5.0,0.92956,464.158883,0.221907,,,wide_weights,0.2581453634085213,464.158883,0.221907,
random_connected_n100_extra300_wide_weights_seed701,100,399,101,4,7.0,101,74.686717,200571.0,14748.0,14325.0,5.492063,0,2,1.029529,7.0,0.78458,316.227766,0.31939,,,wide_weights,0.2531328320802005,316.227766,0.31939,
random_connected_n100_extra300_wide_weights_seed701,100,399,99,5,9.0,99,75.18797,200571.0,14325.0,14325.0,8.866953,0,2,1.0,9.0,0.985217,251.188643,0.394126,,,wide_weights,0.24812030075187969,251.188643,0.394126,
complete_n40_wide_weights_seed702,40,780,106,1,1.0,106,86.410256,395055.0,9834.0,1653.0,1.0,0,3,5.949183,1.0,1.0,1600.0,0.06625,,,complete,0.1358974358974359,1600.0,0.06625,
complete_n40_wide_weights_seed702,40,780,45,2,3.0,45,94.230769,395055.0,2141.0,1653.0,2.915663,0,1,1.295221,3.0,0.971888,252.982213,0.177878,,,complete,0.057692307692307696,252.982213,0.177878,
complete_n40_wide_weights_seed702,40,780,40,3,5.0,40,94.871795,395055.0,1728.0,1653.0,4.391304,0,1,1.045372,5.0,0.878261,136.798076,0.292402,,,complete,0.05128205128205128,136.798076,0.292402,
complete_n40_wide_weights_seed702,40,780,39,4,7.0,39,95.0,395055.0,1653.0,1653.0,6.2625,0,1,1.0,7.0,0.894643,100.594674,0.387694,,,complete,0.05,100.594674,0.387694,
complete_n40_wide_weights_seed702,40,780,39,5,9.0,39,95.0,395055.0,1653.0,1653.0,6.2625,0,1,1.0,9.0,0.695833,83.651164,0.466222,,,complete,0.05,83.651164,0.466222,
repeat_medium_n80_extra240_rep1_seed800,80,319,201,1,1.0,201,36.990596,16442.0,7296.0,1190.0,1.0,0,3,6.131092,1.0,1.0,6400.0,0.031406,,,random_medium,0.6300940438871473,6400.0,0.031406,
repeat_medium_n80_extra240_rep1_seed800,80,319,89,2,3.0,89,72.100313,16442.0,1453.0,1190.0,3.0,0,2,1.221008,3.0,1.0,715.541753,0.124381,,,random_medium,0.27899686520376177,715.541753,0.124381,
repeat_medium_n80_extra240_rep1_seed800,80,319,81,3,5.0,81,74.60815,16442.0,1228.0,1190.0,4.511628,0,2,1.031933,5.0,0.902326,344.70955,0.23498,,,random_medium,0.25391849529780564,344.70955,0.23498,
repeat_medium_n80_extra240_rep1_seed800,80,319,79,4,7.0,79,75.23511,16442.0,1190.0,1190.0,6.421053,0,1,1.0,7.0,0.917293,239.255805,0.330191,,,random_medium,0.2476489028213166,239.255805,0.330191,
repeat_medium_n80_extra240_rep1_seed800,80,319,79,5,9.0,79,75.23511,16442.0,1190.0,1190.0,6.421053,0,1,1.0,9.0,0.71345,192.179909,0.411073,,,random_medium,0.2476489028213166,192.179909,0.411073,
repeat_medium_n80_extra240_rep2_seed801,80,319,225,1,1.0,225,29.467085,15830.0,8711.0,1275.0,1.0,0,2,6.832157,1.0,1.0,6400.0,0.035156,,,random_medium,0.7053291536050157,6400.0,0.035156,
repeat_medium_n80_extra240_rep2_seed801,80,319,100,2,3.0,100,68.652038,15830.0,1935.0,1275.0,3.0,0,2,1.517647,3.0,1.0,715.541753,0.139754,,,random_medium,0.31347962382445144,715.541753,0.139754,
repeat_medium_n80_extra240_rep2_seed801,80,319,87,3,5.0,87,72.727273,15830.0,1490.0,1275.0,4.948718,0,2,1.168627,5.0,0.989744,344.70955,0.252386,,,random_medium,0.2727272727272727,344.70955,0.252386,
repeat_medium_n80_extra240_rep2_seed801,80,319,80,4,7.0,80,74.92163,15830.0,1300.0,1275.0,6.703704,0,2,1.019608,7.0,0.957672,239.255805,0.33437,,,random_medium,0.2507836990595611,239.255805,0.33437,
repeat_medium_n80_extra240_rep2_seed801,80,319,80,5,9.0,80,74.92163,15830.0,1300.0,1275.0,6.703704,0,1,1.019608,9.0,0.744856,192.179909,0.416277,,,random_medium,0.2507836990595611,192.179909,0.416277,
repeat_medium_n80_extra240_rep3_seed802,80,319,217,1,1.0,217,31.974922,16424.0,8804.0,1243.0,1.0,0,3,7.082864,1.0,1.0,6400.0,0.033906,,,random_medium,0.6802507836990596,6400.0,0.033906,
repeat_medium_n80_extra240_rep3_seed802,80,319,92,2,3.0,92,71.159875,16424.0,1664.0,1243.0,3.0,0,2,1.338697,3.0,1.0,715.541753,0.128574,,,random_medium,0.2884012539184953,715.541753,0.128574,
repeat_medium_n80_extra240_rep3_seed802,80,319,81,3,5.0,81,74.60815,16424.0,1286.0,1243.0,4.096774,0,1,1.034594,5.0,0.819355,344.70955,0.23498,,,random_medium,0.25391849529780564,344.70955,0.23498,
repeat_medium_n80_extra240_rep3_seed802,80,319,79,4,7.0,79,75.23511,16424.0,1243.0,1243.0,6.724138,0,1,1.0,7.0,0.960591,239.255805,0.330191,,,random_medium,0.2476489028213166,239.255805,0.330191,
repeat_medium_n80_extra240_rep3_seed802,80,319,79,5,9.0,79,75.23511,16424.0,1243.0,1243.0,6.724138,0,1,1.0,9.0,0.747126,192.179909,0.411073,,,random_medium,0.2476489028213166,192.179909,0.411073,
repeat_medium_n80_extra240_rep4_seed803,80,319,213,1,1.0,213,33.22884,16582.0,8632.0,1335.0,1.0,0,3,6.465918,1.0,1.0,6400.0,0.033281,,,random_medium,0.6677115987460815,6400.0,0.033281,
repeat_medium_n80_extra240_rep4_seed803,80,319,95,2,3.0,95,70.219436,16582.0,1868.0,1335.0,2.959184,0,2,1.399251,3.0,0.986395,715.541753,0.132767,,,random_medium,0.29780564263322884,715.541753,0.132767,
repeat_medium_n80_extra240_rep4_seed803,80,319,82,3,5.0,82,74.294671,16582.0,1430.0,1335.0,4.6,0,2,1.071161,5.0,0.92,344.70955,0.237881,,,random_medium,0.25705329153605017,344.70955,0.237881,
repeat_medium_n80_extra240_rep4_seed803,80,319,79,4,7.0,79,75.23511,16582.0,1335.0,1335.0,6.541667,0,1,1.0,7.0,0.934524,239.255805,0.330191,,,random_medium,0.2476489028213166,239.255805,0.330191,
repeat_medium_n80_extra240_rep4_seed803,80,319,79,5,9.0,79,75.23511,16582.0,1335.0,1335.0,6.541667,0,1,1.0,9.0,0.726852,192.179909,0.411073,,,random_medium,0.2476489028213166,192.179909,0.411073,
repeat_medium_n80_extra240_rep5_seed804,80,319,213,1,1.0,213,33.22884,16010.0,7943.0,1244.0,1.0,0,2,6.385048,1.0,1.0,6400.0,0.033281,,,random_medium,0.6677115987460815,6400.0,0.033281,
repeat_medium_n80_extra240_rep5_seed804,80,319,93,2,3.0,93,70.846395,16010.0,1639.0,1244.0,3.0,0,1,1.317524,3.0,1.0,715.541753,0.129971,,,random_medium,0.29153605015673983,715.541753,0.129971,
repeat_medium_n80_extra240_rep5_seed804,80,319,82,3,5.0,82,74.294671,16010.0,1315.0,1244.0,4.181818,0,2,1.057074,5.0,0.836364,344.70955,0.237881,,,random_medium,0.25705329153605017,344.70955,0.237881,
repeat_medium_n80_extra240_rep5_seed804,80,319,81,4,7.0,81,74.60815,16010.0,1284.0,1244.0,4.69697,0,1,1.032154,7.0,0.670996,239.255805,0.33855,,,random_medium,0.25391849529780564,239.255805,0.33855,
repeat_medium_n80_extra240_rep5_seed804,80,319,79,5,9.0,79,75.23511,16010.0,1244.0,1244.0,7.714286,0,1,1.0,9.0,0.857143,192.179909,0.411073,,,random_medium,0.2476489028213166,192.179909,0.411073,
repeat_medium_n100_extra300_rep1_seed900,100,399,294,1,1.0,294,26.315789,20117.0,11974.0,1617.0,1.0,0,4,7.405071,1.0,1.0,10000.0,0.0294,,,random_medium,0.7368421052631579,10000.0,0.0294,
repeat_medium_n100_extra300_rep1_seed900,100,399,123,2,3.0,123,69.172932,20117.0,2342.0,1617.0,3.0,0,4,1.448361,3.0,1.0,1000.0,0.123,,,random_medium,0.3082706766917293,1000.0,0.123,
repeat_medium_n100_extra300_rep1_seed900,100,399,107,3,5.0,107,73.182957,20117.0,1825.0,1617.0,4.641026,0,2,1.128633,5.0,0.928205,464.158883,0.230525,,,random_medium,0.2681704260651629,464.158883,0.230525,
repeat_medium_n100_extra300_rep1_seed900,100,399,102,4,7.0,102,74.43609,20117.0,1700.0,1617.0,6.592593,0,2,1.05133,7.0,0.941799,316.227766,0.322552,,,random_medium,0.2556390977443609,316.227766,0.322552,
repeat_medium_n100_extra300_rep1_seed900,100,399,99,5,9.0,99,75.18797,20117.0,1617.0,1617.0,8.40625,0,3,1.0,9.0,0.934028,251.188643,0.394126,,,random_medium,0.24812030075187969,251.188643,0.394126,
repeat_medium_n100_extra300_rep2_seed901,100,399,251,1,1.0,251,37.092732,21477.0,9848.0,1536.0,1.0,0,4,6.411458,1.0,1.0,10000.0,0.0251,,,random_medium,0.6290726817042607,10000.0,0.0251,
repeat_medium_n100_extra300_rep2_seed901,100,399,117,2,3.0,117,70.676692,21477.0,2115.0,1536.0,2.846154,0,3,1.376953,3.0,0.948718,1000.0,0.117,,,random_medium,0.2932330827067669,1000.0,0.117,
repeat_medium_n100_extra300_rep2_seed901,100,399,104,3,5.0,104,73.934837,21477.0,1680.0,1536.0,4.941176,0,2,1.09375,5.0,0.988235,464.158883,0.224061,,,random_medium,0.2606516290726817,464.158883,0.224061,
repeat_medium_n100_extra300_rep2_seed901,100,399,101,4,7.0,101,74.686717,21477.0,1588.0,1536.0,5.268293,0,2,1.033854,7.0,0.752613,316.227766,0.31939,,,random_medium,0.2531328320802005,316.227766,0.31939,
repeat_medium_n100_extra300_rep2_seed901,100,399,100,5,9.0,100,74.937343,21477.0,1563.0,1536.0,7.4,0,2,1.017578,9.0,0.822222,251.188643,0.398107,,,random_medium,0.2506265664160401,251.188643,0.398107,
repeat_medium_n100_extra300_rep3_seed902,100,399,235,1,1.0,235,41.102757,18609.0,6806.0,1267.0,1.0,0,4,5.371744,1.0,1.0,10000.0,0.0235,,,random_medium,0.5889724310776943,10000.0,0.0235,
repeat_medium_n100_extra300_rep3_seed902,100,399,118,2,3.0,118,70.426065,18609.0,1700.0,1267.0,3.0,0,4,1.341752,3.0,1.0,1000.0,0.118,,,random_medium,0.2957393483709273,1000.0,0.118,
repeat_medium_n100_extra300_rep3_seed902,100,399,101,3,5.0,101,74.686717,18609.0,1295.0,1267.0,5.0,0,2,1.022099,5.0,1.0,464.158883,0.217598,,,random_medium,0.2531328320802005,464.158883,0.217598,
repeat_medium_n100_extra300_rep3_seed902,100,399,99,4,7.0,99,75.18797,18609.0,1267.0,1267.0,6.5,0,3,1.0,7.0,0.928571,316.227766,0.313065,,,random_medium,0.24812030075187969,316.227766,0.313065,
repeat_medium_n100_extra300_rep3_seed902,100,399,99,5,9.0,99,75.18797,18609.0,1267.0,1267.0,6.5,0,2,1.0,9.0,0.722222,251.188643,0.394126,,,random_medium,0.24812030075187969,251.188643,0.394126,
